{"m_projector2camera": [[0.5973637489650159, 0.0003457483458781411, 403.95811189398626], [0.0027078608273532435, 0.4521391298365339, 302.80931527982756], [3.966077084948705e-06, -1.20719080430188e-06, 1.0136980348668139]], "m_camera2screen": [[1.1891438574727666, 0.07238266958529883, -305.43418488722244], [-0.12362997562162542, 1.5412536960829302, -346.1474477438016], [-3.906004639311967e-05, -2.880403586481917e-06, 1.0]], "l_circle_projector": [[1740, 362], [201, 932], [244, 246], [1697, 1012]], "l_circle_camera": [[1738, 364], [200, 934], [242, 244], [1698, 1013]], "l_circle_screen": [[1920, 0], [0, 1080], [0, 0], [1920, 1080]]}