{"m_projector2camera": [[0.5746222673954366, 0.0027864489637122775, 391.88570718182575], [-0.0004669527183867998, 0.43890421484620373, 295.4011969127009], [-6.158121299679252e-07, 2.20937831282825e-06, 0.9848274065685125]], "m_camera2screen": [[1.1908284141164287, -0.021623343446990927, -130.4752543591432], [0.036686355635674205, 1.4140922535932532, -193.59723381269143], [2.8628415580444428e-05, 7.042133934019779e-06, 1.0]], "l_circle_projector": [[1808, 91], [126, 906], [115, 134], [1834, 899]], "l_circle_camera": [[1808, 90], [126, 905], [112, 134], [1833, 898]], "l_circle_screen": [[1920, 0], [0, 1080], [0, 0], [1920, 1080]], "l_circle_buchaca": [[144, 164], [1786, 116], [160, 882], [1792, 867], [943, 138], [957, 883]]}