{"m_projector2camera": [[0.5858152997909846, -0.0013142159587716644, 402.342036789727], [0.001418799941680825, 0.44317669461969483, 301.33841672150834], [3.396480730937092e-06, -1.2471078599961185e-07, 0.9990844692860325]], "m_camera2screen": [[2.3371265008536044, -0.007726038019350805, -372.0859910119327], [0.01749994418739538, 1.8068692373485673, -436.4486080336394], [2.2624198449732054e-06, 1.4020442152291872e-05, 1.0]], "l_circle_projector": [[158, 238], [161, 844], [987, 229], [997, 840]], "l_circle_camera": [[160, 240], [162, 845], [986, 232], [995, 838]], "l_circle_screen": [[0, 0], [0, 1080], [1920, 0], [1920, 1080]]}