{"m_projector2camera": [[0.5812985491173259, 0.0023048463204309367, 396.39691378093727], [0.0011926119772618824, 0.4425469716829472, 296.6962092080578], [1.8641924990596477e-06, 2.6853893994184816e-06, 0.9910549567835099]], "m_camera2screen": [[1.168183058605529, 0.04043710587480681, -208.85315883161317], [-0.031028733826680796, 1.4122266963278483, -271.4594902620691], [1.1215280902318343e-05, 1.9560456473644283e-05, 1.0]], "l_circle_projector": [[1855, 232], [143, 977], [172, 197], [1856, 1031]], "l_circle_camera": [[1856, 233], [145, 976], [172, 196], [1854, 1029]], "l_circle_screen": [[1920, 0], [0, 1080], [0, 0], [1920, 1080]]}