{"m_projector2camera": [[0.5827770241115918, -0.003475064367442728, 423.0820361277537], [-0.010342070545847182, 0.45853146058266125, 319.3572766587031], [-2.0002847609037753e-05, -6.185222220528037e-07, 1.0513227604041315]], "m_camera2screen": [[3.648974326682243, 0.7080099439831226, -2566.862820759117], [-0.2756767598028135, 5.166716046626929, -2212.590566976087], [-0.00010264434808280142, 0.0004843216297288273, 1.0]], "l_circle_projector": [[1194, 494], [562, 732], [613, 459], [1210, 749]], "l_circle_camera": [[1195, 492], [562, 729], [614, 461], [1210, 752]], "l_circle_screen": [[1920, 0], [0, 1080], [0, 0], [1920, 1080]]}