{"m_projector2camera": [[0.5798694823973397, 0.0014851589819888484, 397.75335022830114], [-0.0007615615259643905, 0.44251341218585244, 300.292232775587], [-1.6485770664990674e-06, 6.132072375122281e-07, 0.9976979074725899]], "m_camera2screen": [[1.1198324933810804, -0.024806415992618864, -64.65615139790447], [0.005606300077435116, 1.1162766376404154, -63.958540050072344], [2.5038610469177684e-05, -2.1941543357100577e-05, 1.0]], "l_circle_projector": [[1852, 47], [80, 1006], [61, 55], [1835, 1037]], "l_circle_camera": [[1851, 48], [80, 1005], [59, 57], [1835, 1038]], "l_circle_screen": [[1920, 0], [0, 1080], [0, 0], [1920, 1080]]}