{"m_projector2camera": [[0.5796342989785193, -0.0049088451466446715, 396.1127291062351], [0.0007798799720503988, 0.43773650264954633, 296.98363284330685], [1.003238105404144e-06, -6.6133585229688636e-06, 0.9932083219384508]], "m_camera2screen": [[1.8567427390314477, 0.44022771393164983, -762.9984811414408], [0.037133295559251316, 2.4796789590122112, -650.2741459118762], [2.9552828128000457e-05, 0.00047031462276867517, 1.0]], "l_circle_projector": [[1556, 239], [208, 876], [351, 258], [1712, 872]], "l_circle_camera": [[1552, 239], [203, 877], [350, 257], [1715, 873]], "l_circle_screen": [[1920, 0], [0, 1080], [0, 0], [1920, 1080]]}