{"m_projector2camera": [[0.5768566863892568, -0.0005759893119297343, 399.29443435129116], [-0.0016811453227865661, 0.4392554415653169, 301.82446309070065], [-2.5228984995805002e-06, -1.5893626961640158e-06, 0.998343855877527]], "m_camera2screen": [[1.1050601446437107, -0.018798106956272105, -171.49781520592143], [0.01910488270244253, 1.3205294923928317, -220.90593771180315], [-3.2916513520209724e-06, 7.192511763650866e-06, 1.0]], "l_circle_projector": [[1891, 139], [172, 990], [158, 161], [1912, 959]], "l_circle_camera": [[1886, 140], [172, 988], [158, 165], [1910, 958]], "l_circle_screen": [[1920, 0], [0, 1080], [0, 0], [1920, 1080]]}