{"m_projector2camera": [[0.5762651956010557, -0.003621528144865143, 396.0590662861047], [0.0008376909837700884, 0.43825225179291855, 294.80074854159005], [4.8722304041783224e-08, -2.8612171417216895e-06, 0.9878630226812721]], "m_camera2screen": [[1.5323225842348702, -0.023061711133969612, -237.850801398718], [0.050576942503469065, 1.8098343749889976, -462.31016198029005], [3.919744453126395e-05, -4.772319951359524e-06, 1.0]], "l_circle_projector": [[158, 253], [170, 849], [1482, 214], [1487, 841]], "l_circle_camera": [[159, 251], [168, 849], [1483, 214], [1489, 843]], "l_circle_screen": [[0, 0], [0, 1080], [1920, 0], [1920, 1080]]}