{"m_projector2camera": [[0.5777140662250071, 0.0019508037472034713, 395.79351401890654], [0.0008370500958007595, 0.4417559895206004, 294.6825027587888], [1.6799453332171951e-07, 1.3084460155382752e-06, 0.9897849796004907]], "m_camera2screen": [[1.3861227235136562, 0.06670064233449176, -336.0836927727743], [0.0218546323177747, 1.7374432692630748, -455.02437217222456], [8.965658994827814e-06, 7.293491392729073e-05, 1.0]], "l_circle_projector": [[230, 262], [196, 926], [1661, 242], [1697, 913]], "l_circle_camera": [[230, 259], [198, 924], [1661, 241], [1697, 913]], "l_circle_screen": [[0, 0], [0, 1080], [1920, 0], [1920, 1080]]}