{"m_projector2camera": [[0.5966351363498087, -0.0022377349995730267, 409.1709721418769], [-0.00048317359062389993, 0.4522692879080735, 307.7784368335063], [9.025842759458188e-07, -2.031299364852065e-06, 1.021102849988545]], "m_camera2screen": [[1.2548327242920585, -0.02464173023534252, -335.05550152766295], [-0.02305386602781661, 1.5768844363026577, -394.25799526130896], [-6.18145362740098e-05, -1.7563974972567938e-05, 1.0]], "l_circle_projector": [[1640, 274], [286, 914], [271, 252], [1635, 880]], "l_circle_camera": [[1640, 274], [285, 916], [272, 254], [1636, 879]], "l_circle_screen": [[1920, 0], [0, 1080], [0, 0], [1920, 1080]]}