{"m_projector2camera": [[0.5911078569130098, -0.0020496592954590285, 405.5739564161678], [0.0007209481697444675, 0.44748360511072394, 303.8523650985171], [1.332592720801014e-06, -9.800739458188367e-07, 1.0109424284707766]], "m_camera2screen": [[1.0170825113865765, -0.004775035264725697, -57.386373811473604], [-0.0014033874964962622, 1.2728724593219833, -156.48331940930362], [-2.125716360318672e-05, 5.586081415500351e-06, 1.0]], "l_circle_projector": [[1871, 123], [62, 976], [55, 122], [1884, 946]], "l_circle_camera": [[1871, 125], [61, 975], [57, 123], [1883, 944]], "l_circle_screen": [[1920, 0], [0, 1080], [0, 0], [1920, 1080]]}