{"m_projector2camera": [[0.5833333333333333, -5.639228061588095e-17, 400.0], [1.9409001123147945e-17, 0.4444444444444442, 299.99999999999994], [-6.156662837684108e-36, -1.409807015397024e-19, 0.9999999999999999]], "m_camera2screen": [[1.0005211047420532, 0.0, 0.0], [0.0, 1.000926784059314, 0.0], [-0.0, -1.0975328016065805e-19, 1.0]], "l_circle_projector": [[1919, 0], [0, 1079], [0, 0], [1919, 1079]], "l_circle_camera": [[1919, 0], [0, 1079], [0, 0], [1919, 1079]], "l_circle_screen": [[1920, 0], [0, 1080], [0, 0], [1920, 1080]]}