{"m_projector2camera": [[0.580175819159968, -0.000479902466873162, 396.94181787779036], [0.0003333034537035455, 0.43809732345391894, 299.88076093622385], [1.1415473512462362e-06, -1.0788754303887866e-06, 0.9922239934987385]], "m_camera2screen": [[1.0917308053446766, 0.022665691460443133, -144.1462424579314], [0.01570815038137786, 1.264506105700922, -125.96365790826947], [2.9480611911423436e-06, 1.5052244726687626e-05, 1.0]], "l_circle_projector": [[1902, 72], [112, 965], [130, 94], [1905, 949]], "l_circle_camera": [[1901, 76], [112, 965], [130, 98], [1906, 947]], "l_circle_screen": [[1920, 0], [0, 1080], [0, 0], [1920, 1080]]}