{"m_projector2camera": [[0.583333333333333, -8.235133988887949e-17, 400.00000000000006], [-7.033044690152147e-17, 0.4444444444444443, 300.0], [-1.5643738459957196e-19, -1.4098070153970237e-19, 1.0]], "m_camera2screen": [[1.000521104742053, 0.0, 0.0], [0.0, 1.206703910614525, 0.0], [-1.097087967514099e-19, -1.323170830093296e-19, 1.0]], "l_circle_projector": [[1919, 0], [0, 895], [0, 0], [1919, 895]], "l_circle_camera": [[1919, 0], [0, 895], [0, 0], [1919, 895]], "l_circle_screen": [[1920, 0], [0, 1080], [0, 0], [1920, 1080]]}