{"m_projector2camera": [[0.578871704897901, -0.0006656161828602819, 396.1207628644215], [0.00037419429716636064, 0.4388362294038907, 297.09057214831614], [1.2398582350483025e-06, -1.664040457150667e-06, 0.9903019071610537]], "m_camera2screen": [[1.08701729900502, 0.043586355853178195, -163.8067708868792], [-0.004776874941029395, 1.37255539972246, -194.21021989414], [-1.6675812427784103e-05, 4.9690881899734575e-05, 1.0]], "l_circle_projector": [[1871, 148], [112, 965], [145, 142], [1905, 949]], "l_circle_camera": [[1869, 148], [112, 965], [145, 142], [1906, 947]], "l_circle_screen": [[1920, 0], [0, 1080], [0, 0], [1920, 1080]]}